{
    "foreground_intensity_properties_per_channel": {
        "0": {
            "max": 440456.71875,
            "mean": 34282.1796875,
            "median": 351.11700439453125,
            "min": 0.0,
            "percentile_00_5": 28.0,
            "percentile_99_5": 284803.40625,
            "std": 71465.5703125
        }
    },
    "median_relative_size_after_cropping": 1.0,
    "shapes_after_crop": [
        [
            35,
            51,
            35
        ],
        [
            35,
            52,
            34
        ],
        [
            38,
            52,
            36
        ],
        [
            34,
            52,
            35
        ],
        [
            40,
            47,
            34
        ],
        [
            40,
            48,
            36
        ],
        [
            31,
            50,
            36
        ],
        [
            40,
            50,
            39
        ],
        [
            28,
            51,
            42
        ],
        [
            32,
            48,
            35
        ],
        [
            41,
            47,
            36
        ],
        [
            43,
            46,
            36
        ],
        [
            35,
            51,
            35
        ],
        [
            33,
            52,
            38
        ],
        [
            35,
            48,
            35
        ],
        [
            36,
            50,
            36
        ],
        [
            38,
            48,
            33
        ],
        [
            40,
            49,
            36
        ],
        [
            37,
            47,
            35
        ],
        [
            39,
            47,
            36
        ],
        [
            32,
            51,
            34
        ],
        [
            35,
            51,
            37
        ],
        [
            34,
            53,
            34
        ],
        [
            37,
            52,
            36
        ],
        [
            34,
            51,
            36
        ],
        [
            34,
            52,
            37
        ],
        [
            33,
            48,
            38
        ],
        [
            37,
            48,
            36
        ],
        [
            38,
            49,
            36
        ],
        [
            29,
            52,
            38
        ],
        [
            36,
            51,
            35
        ],
        [
            38,
            49,
            38
        ],
        [
            39,
            54,
            33
        ],
        [
            40,
            52,
            34
        ],
        [
            35,
            51,
            37
        ],
        [
            42,
            47,
            41
        ],
        [
            34,
            51,
            35
        ],
        [
            36,
            53,
            34
        ],
        [
            31,
            52,
            39
        ],
        [
            35,
            53,
            35
        ],
        [
            37,
            52,
            39
        ],
        [
            41,
            42,
            36
        ],
        [
            43,
            40,
            36
        ],
        [
            38,
            50,
            37
        ],
        [
            42,
            47,
            37
        ],
        [
            41,
            47,
            32
        ],
        [
            45,
            47,
            35
        ],
        [
            37,
            52,
            33
        ],
        [
            37,
            52,
            34
        ],
        [
            32,
            55,
            35
        ],
        [
            35,
            52,
            40
        ],
        [
            38,
            51,
            34
        ],
        [
            40,
            50,
            37
        ],
        [
            29,
            51,
            36
        ],
        [
            28,
            49,
            38
        ],
        [
            37,
            53,
            34
        ],
        [
            38,
            50,
            38
        ],
        [
            39,
            49,
            34
        ],
        [
            39,
            47,
            34
        ],
        [
            34,
            48,
            37
        ],
        [
            34,
            48,
            37
        ],
        [
            27,
            52,
            33
        ],
        [
            32,
            52,
            36
        ],
        [
            32,
            55,
            36
        ],
        [
            39,
            53,
            35
        ],
        [
            37,
            47,
            33
        ],
        [
            38,
            46,
            34
        ],
        [
            34,
            55,
            35
        ],
        [
            37,
            53,
            36
        ],
        [
            36,
            49,
            36
        ],
        [
            39,
            50,
            38
        ],
        [
            38,
            53,
            32
        ],
        [
            41,
            55,
            35
        ],
        [
            39,
            42,
            43
        ],
        [
            43,
            44,
            39
        ],
        [
            31,
            55,
            38
        ],
        [
            40,
            49,
            35
        ],
        [
            40,
            50,
            36
        ],
        [
            42,
            41,
            39
        ],
        [
            38,
            49,
            32
        ],
        [
            41,
            49,
            34
        ],
        [
            42,
            46,
            32
        ],
        [
            42,
            44,
            33
        ],
        [
            41,
            43,
            38
        ],
        [
            41,
            45,
            32
        ],
        [
            43,
            45,
            34
        ],
        [
            33,
            53,
            36
        ],
        [
            32,
            51,
            36
        ],
        [
            32,
            48,
            34
        ],
        [
            32,
            49,
            33
        ],
        [
            34,
            49,
            37
        ],
        [
            37,
            53,
            36
        ],
        [
            42,
            46,
            35
        ],
        [
            37,
            53,
            34
        ],
        [
            36,
            52,
            36
        ],
        [
            35,
            51,
            36
        ],
        [
            36,
            52,
            38
        ],
        [
            26,
            51,
            34
        ],
        [
            36,
            51,
            35
        ],
        [
            37,
            51,
            38
        ],
        [
            44,
            47,
            36
        ],
        [
            47,
            48,
            41
        ],
        [
            29,
            49,
            34
        ],
        [
            31,
            49,
            36
        ],
        [
            39,
            45,
            36
        ],
        [
            40,
            48,
            34
        ],
        [
            28,
            56,
            35
        ],
        [
            31,
            56,
            34
        ],
        [
            32,
            53,
            35
        ],
        [
            34,
            55,
            37
        ],
        [
            35,
            47,
            33
        ],
        [
            36,
